<ImportExportXml version="9.2.22063.196" SolutionPackageVersion="9.2" languagecode="1033" generatedBy="CrmLive" xmlns:xsi="http://www.w3.org/2001/XMLSchema-instance">
  <SolutionManifest>
    <UniqueName>Microsoft365ServiceHealth</UniqueName>
    <LocalizedNames>
      <LocalizedName description="Microsoft 365 Service Health" languagecode="1033" />
    </LocalizedNames>
    <Descriptions />
    <Version>1.1.0.0</Version>
    <Managed>0</Managed>
    <Publisher>
      <UniqueName>MSAutomate</UniqueName>
      <LocalizedNames>
        <LocalizedName description="MS Automate" languagecode="1033" />
      </LocalizedNames>
      <Descriptions />
      <EMailAddress xsi:nil="true"></EMailAddress>
      <SupportingWebsiteUrl>https://www.msautomate.com/</SupportingWebsiteUrl>
      <CustomizationPrefix>msauto</CustomizationPrefix>
      <CustomizationOptionValuePrefix>89643</CustomizationOptionValuePrefix>
      <Addresses>
        <Address>
          <AddressNumber>1</AddressNumber>
          <AddressTypeCode>1</AddressTypeCode>
          <City xsi:nil="true"></City>
          <County xsi:nil="true"></County>
          <Country xsi:nil="true"></Country>
          <Fax xsi:nil="true"></Fax>
          <FreightTermsCode xsi:nil="true"></FreightTermsCode>
          <ImportSequenceNumber xsi:nil="true"></ImportSequenceNumber>
          <Latitude xsi:nil="true"></Latitude>
          <Line1 xsi:nil="true"></Line1>
          <Line2 xsi:nil="true"></Line2>
          <Line3 xsi:nil="true"></Line3>
          <Longitude xsi:nil="true"></Longitude>
          <Name xsi:nil="true"></Name>
          <PostalCode xsi:nil="true"></PostalCode>
          <PostOfficeBox xsi:nil="true"></PostOfficeBox>
          <PrimaryContactName xsi:nil="true"></PrimaryContactName>
          <ShippingMethodCode>1</ShippingMethodCode>
          <StateOrProvince xsi:nil="true"></StateOrProvince>
          <Telephone1 xsi:nil="true"></Telephone1>
          <Telephone2 xsi:nil="true"></Telephone2>
          <Telephone3 xsi:nil="true"></Telephone3>
          <TimeZoneRuleVersionNumber xsi:nil="true"></TimeZoneRuleVersionNumber>
          <UPSZone xsi:nil="true"></UPSZone>
          <UTCOffset xsi:nil="true"></UTCOffset>
          <UTCConversionTimeZoneCode xsi:nil="true"></UTCConversionTimeZoneCode>
        </Address>
        <Address>
          <AddressNumber>2</AddressNumber>
          <AddressTypeCode>1</AddressTypeCode>
          <City xsi:nil="true"></City>
          <County xsi:nil="true"></County>
          <Country xsi:nil="true"></Country>
          <Fax xsi:nil="true"></Fax>
          <FreightTermsCode xsi:nil="true"></FreightTermsCode>
          <ImportSequenceNumber xsi:nil="true"></ImportSequenceNumber>
          <Latitude xsi:nil="true"></Latitude>
          <Line1 xsi:nil="true"></Line1>
          <Line2 xsi:nil="true"></Line2>
          <Line3 xsi:nil="true"></Line3>
          <Longitude xsi:nil="true"></Longitude>
          <Name xsi:nil="true"></Name>
          <PostalCode xsi:nil="true"></PostalCode>
          <PostOfficeBox xsi:nil="true"></PostOfficeBox>
          <PrimaryContactName xsi:nil="true"></PrimaryContactName>
          <ShippingMethodCode>1</ShippingMethodCode>
          <StateOrProvince xsi:nil="true"></StateOrProvince>
          <Telephone1 xsi:nil="true"></Telephone1>
          <Telephone2 xsi:nil="true"></Telephone2>
          <Telephone3 xsi:nil="true"></Telephone3>
          <TimeZoneRuleVersionNumber xsi:nil="true"></TimeZoneRuleVersionNumber>
          <UPSZone xsi:nil="true"></UPSZone>
          <UTCOffset xsi:nil="true"></UTCOffset>
          <UTCConversionTimeZoneCode xsi:nil="true"></UTCConversionTimeZoneCode>
        </Address>
      </Addresses>
    </Publisher>
    <RootComponents>
      <RootComponent type="1" schemaName="msauto_m365activeissues" behavior="0" />
      <RootComponent type="1" schemaName="msauto_m365notificationchannels" behavior="0" />
      <RootComponent type="1" schemaName="msauto_m365notificationusers" behavior="0" />
      <RootComponent type="1" schemaName="msauto_m365servicehealth" behavior="0" />
      <RootComponent type="20" id="{4b7023c5-050b-ed11-82e5-000d3a3045e5}" behavior="0" />
      <RootComponent type="29" id="{10e4a8e4-030b-ed11-82e5-000d3a3045e5}" behavior="0" />
      <RootComponent type="29" id="{37f5e3eb-b60b-ed11-82e5-000d3a3045e5}" behavior="0" />
      <RootComponent type="29" id="{6fa2ce0c-fa0a-ed11-82e5-000d3a3045e5}" behavior="0" />
      <RootComponent type="29" id="{7afb94da-a10b-ed11-82e5-000d3a3045e5}" behavior="0" />
      <RootComponent type="29" id="{a60f5812-d9fc-ec11-82e5-000d3a5cc390}" behavior="0" />
      <RootComponent type="29" id="{aee1076f-410a-ed11-82e4-000d3a33139f}" behavior="0" />
      <RootComponent type="29" id="{b5440df4-cbfc-ec11-82e5-000d3a5cc351}" behavior="0" />
      <RootComponent type="29" id="{de3b8f6f-fa0a-ed11-82e5-000d3a3045e5}" behavior="0" />
      <RootComponent type="29" id="{f114c752-ff0a-ed11-82e5-000d3a3045e5}" behavior="0" />
      <RootComponent type="29" id="{fa3a754c-81fd-ec11-82e5-000d3a5cc390}" behavior="0" />
      <RootComponent type="300" schemaName="msauto_m365servicehealth_6a101" behavior="0" />
    </RootComponents>
    <MissingDependencies />
  </SolutionManifest>
</ImportExportXml>