{
  "properties": {
    "connectionReferences": {
      "shared_commondataserviceforapps_1": {
        "runtimeSource": "embedded",
        "connection": {
          "connectionReferenceLogicalName": "msauto_M365ServiceHealthDataverse"
        },
        "api": {
          "name": "shared_commondataserviceforapps"
        }
      },
      "shared_teams_1": {
        "runtimeSource": "embedded",
        "connection": {
          "connectionReferenceLogicalName": "msauto_M365ServiceHealthTeams"
        },
        "api": {
          "name": "shared_teams"
        }
      },
      "shared_office365_1": {
        "runtimeSource": "embedded",
        "connection": {
          "connectionReferenceLogicalName": "msauto_M365ServiceHealthOutlook"
        },
        "api": {
          "name": "shared_office365"
        }
      }
    },
    "definition": {
      "$schema": "https://schema.management.azure.com/providers/Microsoft.Logic/schemas/2016-06-01/workflowdefinition.json#",
      "contentVersion": "1.0.0.0",
      "parameters": {
        "$connections": {
          "defaultValue": {},
          "type": "Object"
        },
        "$authentication": {
          "defaultValue": {},
          "type": "SecureObject"
        },
        "M365 Service Health - OriginatorID (msauto_M365ServiceHealthOriginatorID)": {
          "defaultValue": "970c53b9-2d70-4229-b6f5-777087b60d6d",
          "type": "String",
          "metadata": {
            "schemaName": "msauto_M365ServiceHealthOriginatorID"
          }
        },
        "App_M365ServiceHealth_ClientID (msauto_App_M365ServiceHealth_ClientID)": {
          "defaultValue": "cff1aa1f-7b3c-42e0-af60-08d30deb20d8",
          "type": "String",
          "metadata": {
            "schemaName": "msauto_App_M365ServiceHealth_ClientID"
          }
        },
        "App_M365ServiceHealth_ClientSecret (msauto_App_M365ServiceHealth_ClientSecret)": {
          "defaultValue": "h4i8Q~QHIIxTSAgGMq.vCUX2In7TOEfB5ASErctL",
          "type": "String",
          "metadata": {
            "schemaName": "msauto_App_M365ServiceHealth_ClientSecret"
          }
        },
        "App_M365ServiceHealth_TenantID (msauto_App_M365ServiceHealth_TenantID)": {
          "defaultValue": "62b71b94-5ddd-4bd1-b652-1a1f2a56868c",
          "type": "String",
          "metadata": {
            "schemaName": "msauto_App_M365ServiceHealth_TenantID"
          }
        }
      },
      "triggers": {
        "When_a_row_is_added,_modified_or_deleted": {
          "metadata": {
            "operationMetadataId": "7983ed24-4a86-4889-87af-5f5c4d86ed19"
          },
          "type": "OpenApiConnectionWebhook",
          "inputs": {
            "host": {
              "connectionName": "shared_commondataserviceforapps_1",
              "operationId": "SubscribeWebhookTrigger",
              "apiId": "/providers/Microsoft.PowerApps/apis/shared_commondataserviceforapps"
            },
            "parameters": {
              "subscriptionRequest/message": 3,
              "subscriptionRequest/entityname": "msauto_m365activeissues",
              "subscriptionRequest/scope": 4,
              "subscriptionRequest/filteringattributes": "msauto_lastupdate"
            },
            "authentication": "@parameters('$authentication')"
          }
        }
      },
      "actions": {
        "Adaptive_Card_JSON": {
          "runAfter": {
            "Latest_Post": [
              "Succeeded"
            ]
          },
          "metadata": {
            "operationMetadataId": "2462711a-050a-425b-9e72-9e387969eeed"
          },
          "type": "Compose",
          "inputs": {
            "type": "AdaptiveCard",
            "$schema": "http://adaptivecards.io/schemas/adaptive-card.json",
            "originator": "@{parameters('M365 Service Health - OriginatorID (msauto_M365ServiceHealthOriginatorID)')}",
            "version": "1.4",
            "actions": [
              {
                "type": "Action.OpenUrl",
                "title": "View Issue",
                "url": "https://admin.microsoft.com/#/servicehealth/:/alerts/@{triggerOutputs()?['body/msauto_id']}"
              }
            ],
            "body": [
              {
                "type": "ColumnSet",
                "columns": [
                  {
                    "type": "Column",
                    "width": "stretch",
                    "items": [
                      {
                        "type": "TextBlock",
                        "text": "Microsoft 365 Active Issue Update",
                        "wrap": true,
                        "fontType": "Default",
                        "size": "Large",
                        "weight": "Default",
                        "color": "Accent"
                      },
                      {
                        "type": "ColumnSet",
                        "columns": [
                          {
                            "type": "Column",
                            "width": "stretch",
                            "items": [
                              {
                                "type": "TextBlock",
                                "text": "Issue ID",
                                "wrap": true,
                                "size": "Medium",
                                "fontType": "Default",
                                "weight": "Bolder",
                                "color": "Default",
                                "isSubtle": false
                              },
                              {
                                "type": "TextBlock",
                                "text": "@{triggerOutputs()?['body/msauto_id']}",
                                "wrap": true,
                                "fontType": "Default",
                                "size": "Default",
                                "weight": "Default",
                                "color": "Default",
                                "isSubtle": false
                              }
                            ]
                          },
                          {
                            "type": "Column",
                            "width": "stretch",
                            "items": [
                              {
                                "type": "TextBlock",
                                "text": "Affected Service",
                                "wrap": true,
                                "size": "Medium",
                                "fontType": "Default",
                                "weight": "Bolder",
                                "color": "Default",
                                "isSubtle": false
                              },
                              {
                                "type": "TextBlock",
                                "text": "@{triggerOutputs()?['body/msauto_affectedservice']}",
                                "wrap": true,
                                "fontType": "Default",
                                "size": "Medium",
                                "weight": "Default",
                                "color": "Default",
                                "isSubtle": false
                              }
                            ]
                          }
                        ]
                      }
                    ]
                  }
                ]
              },
              {
                "type": "TextBlock",
                "text": "Issue Title",
                "wrap": true,
                "size": "Medium",
                "weight": "Bolder",
                "color": "Default",
                "isSubtle": false,
                "fontType": "Default"
              },
              {
                "type": "TextBlock",
                "wrap": true,
                "text": "@{triggerOutputs()?['body/msauto_title']}",
                "fontType": "Default",
                "size": "Default",
                "weight": "Default",
                "color": "Default",
                "isSubtle": false
              },
              {
                "type": "ColumnSet",
                "columns": [
                  {
                    "type": "Column",
                    "width": "stretch",
                    "items": [
                      {
                        "type": "TextBlock",
                        "text": "Last Updated",
                        "wrap": true,
                        "weight": "Bolder",
                        "size": "Medium",
                        "fontType": "Default",
                        "color": "Accent",
                        "isSubtle": false
                      }
                    ]
                  }
                ]
              },
              {
                "type": "TextBlock",
                "text": "@{formatDateTime(triggerOutputs()?['body/msauto_lastupdate'],'g')}",
                "wrap": true,
                "fontType": "Default",
                "size": "Default",
                "weight": "Default",
                "color": "Default",
                "isSubtle": false
              },
              {
                "type": "RichTextBlock",
                "inlines": [
                  {
                    "type": "TextRun",
                    "text": "@{outputs('Latest_Post')?['description']?['content']}"
                  }
                ],
                "separator": true
              }
            ]
          }
        },
        "List_rows_-_M365_Notification_Users_-_Teams": {
          "runAfter": {
            "Adaptive_Card_JSON": [
              "Succeeded"
            ]
          },
          "metadata": {
            "operationMetadataId": "b4f6df52-9a3f-4469-83a3-7d8c579ea1a3"
          },
          "type": "OpenApiConnection",
          "inputs": {
            "host": {
              "connectionName": "shared_commondataserviceforapps_1",
              "operationId": "ListRecords",
              "apiId": "/providers/Microsoft.PowerApps/apis/shared_commondataserviceforapps"
            },
            "parameters": {
              "entityName": "msauto_m365notificationuserses",
              "$filter": "msauto_teamsalert eq true"
            },
            "authentication": "@parameters('$authentication')"
          }
        },
        "Apply_to_each_-_Teams": {
          "foreach": "@outputs('List_rows_-_M365_Notification_Users_-_Teams')?['body/value']",
          "actions": {
            "Post_adaptive_card_in_a_chat_or_channel": {
              "runAfter": {},
              "metadata": {
                "operationMetadataId": "6069d803-cf2f-4bbb-a665-8c1a7bcae357"
              },
              "type": "OpenApiConnection",
              "inputs": {
                "host": {
                  "connectionName": "shared_teams_1",
                  "operationId": "PostCardToConversation",
                  "apiId": "/providers/Microsoft.PowerApps/apis/shared_teams"
                },
                "parameters": {
                  "poster": "Flow bot",
                  "location": "Chat with Flow bot",
                  "body/recipient": "@{items('Apply_to_each_-_Teams')?['msauto_objectid']};",
                  "body/messageBody": "@outputs('Adaptive_Card_JSON')",
                  "body/isAlert": "@If(equals(triggerOutputs()?['body/msauto_servicestatus'], 'Healthy'), false, true)"
                },
                "authentication": "@parameters('$authentication')"
              }
            }
          },
          "runAfter": {
            "List_rows_-_M365_Notification_Users_-_Teams": [
              "Succeeded"
            ]
          },
          "metadata": {
            "operationMetadataId": "81d4a362-e52f-4d39-8498-37fc9792842b"
          },
          "type": "Foreach"
        },
        "HTTP_-_Get_Issue_Posts": {
          "runAfter": {
            "Condition_-_Check_for_Subscribed": [
              "Succeeded"
            ]
          },
          "metadata": {
            "operationMetadataId": "db8634ee-723e-4e00-b349-932cc63fb346"
          },
          "type": "Http",
          "inputs": {
            "method": "GET",
            "uri": "https://graph.microsoft.com/v1.0/admin/serviceAnnouncement/issues/@{triggerOutputs()?['body/msauto_id']}",
            "queries": {
              "$select": "posts"
            },
            "authentication": {
              "type": "ActiveDirectoryOAuth",
              "tenant": "@parameters('App_M365ServiceHealth_TenantID (msauto_App_M365ServiceHealth_TenantID)')",
              "audience": "https://graph.microsoft.com",
              "clientId": "@parameters('App_M365ServiceHealth_ClientID (msauto_App_M365ServiceHealth_ClientID)')",
              "secret": "@parameters('App_M365ServiceHealth_ClientSecret (msauto_App_M365ServiceHealth_ClientSecret)')"
            }
          }
        },
        "Parse_JSON_-_Posts": {
          "runAfter": {
            "HTTP_-_Get_Issue_Posts": [
              "Succeeded"
            ]
          },
          "metadata": {
            "operationMetadataId": "2104f56c-da48-46b7-a755-52fb96fb6b72"
          },
          "type": "ParseJson",
          "inputs": {
            "content": "@body('HTTP_-_Get_Issue_Posts')",
            "schema": {
              "type": "object",
              "properties": {
                "@@odata.context": {
                  "type": "string"
                },
                "posts": {
                  "type": "array",
                  "items": {
                    "type": "object",
                    "properties": {
                      "createdDateTime": {
                        "type": "string"
                      },
                      "postType": {
                        "type": "string"
                      },
                      "description": {
                        "type": "object",
                        "properties": {
                          "contentType": {
                            "type": "string"
                          },
                          "content": {
                            "type": "string"
                          }
                        }
                      }
                    },
                    "required": [
                      "createdDateTime",
                      "postType",
                      "description"
                    ]
                  }
                }
              }
            }
          }
        },
        "Latest_Post": {
          "runAfter": {
            "Parse_JSON_-_Posts": [
              "Succeeded"
            ]
          },
          "metadata": {
            "operationMetadataId": "5ca1aaa7-956c-4c0f-9614-1beb699c1dc4"
          },
          "type": "Compose",
          "inputs": "@last(body('Parse_JSON_-_Posts')?['posts'])"
        },
        "List_rows_-_M365_Notification_Users_-_Outlook": {
          "runAfter": {
            "Adaptive_Card_JSON": [
              "Succeeded"
            ]
          },
          "metadata": {
            "operationMetadataId": "b4f6df52-9a3f-4469-83a3-7d8c579ea1a3"
          },
          "type": "OpenApiConnection",
          "inputs": {
            "host": {
              "connectionName": "shared_commondataserviceforapps_1",
              "operationId": "ListRecords",
              "apiId": "/providers/Microsoft.PowerApps/apis/shared_commondataserviceforapps"
            },
            "parameters": {
              "entityName": "msauto_m365notificationuserses",
              "$filter": "msauto_mailalert eq true"
            },
            "authentication": "@parameters('$authentication')"
          }
        },
        "Apply_to_each_-_Outlook": {
          "foreach": "@outputs('List_rows_-_M365_Notification_Users_-_Outlook')?['body/value']",
          "actions": {
            "Send_an_email_(V2)": {
              "runAfter": {},
              "metadata": {
                "operationMetadataId": "8fc2f2c4-527f-4d48-9f87-4b5d674d55a6"
              },
              "type": "OpenApiConnection",
              "inputs": {
                "host": {
                  "connectionName": "shared_office365_1",
                  "operationId": "SendEmailV2",
                  "apiId": "/providers/Microsoft.PowerApps/apis/shared_office365"
                },
                "parameters": {
                  "emailMessage/To": "@items('Apply_to_each_-_Outlook')?['msauto_mail']",
                  "emailMessage/Subject": "Microsoft 365 Active Issue Update: @{triggerOutputs()?['body/msauto_id']}",
                  "emailMessage/Body": "<script type=\"application/adaptivecard+json\">\n@{outputs('Adaptive_Card_JSON')}\n</script>",
                  "emailMessage/Importance": "Normal"
                },
                "authentication": "@parameters('$authentication')"
              }
            }
          },
          "runAfter": {
            "List_rows_-_M365_Notification_Users_-_Outlook": [
              "Succeeded"
            ]
          },
          "metadata": {
            "operationMetadataId": "665437ce-bec1-44de-a4c6-bd74e91ca42d"
          },
          "type": "Foreach"
        },
        "List_rows_-_M365_Notification_Channels_-_Channels": {
          "runAfter": {
            "Adaptive_Card_JSON": [
              "Succeeded"
            ]
          },
          "metadata": {
            "operationMetadataId": "13febfa3-d1c8-4b54-9a1b-223fce151b2c"
          },
          "type": "OpenApiConnection",
          "inputs": {
            "host": {
              "connectionName": "shared_commondataserviceforapps_1",
              "operationId": "ListRecords",
              "apiId": "/providers/Microsoft.PowerApps/apis/shared_commondataserviceforapps"
            },
            "parameters": {
              "entityName": "msauto_m365notificationchannelses"
            },
            "authentication": "@parameters('$authentication')"
          }
        },
        "Apply_to_each_-_Teams_Channel": {
          "foreach": "@outputs('List_rows_-_M365_Notification_Channels_-_Channels')?['body/value']",
          "actions": {
            "Post_adaptive_card_in_a_chat_or_channel_-_Channel": {
              "runAfter": {},
              "metadata": {
                "operationMetadataId": "b5142a5d-0641-44a5-b232-d625954f5855"
              },
              "type": "OpenApiConnection",
              "inputs": {
                "host": {
                  "connectionName": "shared_teams_1",
                  "operationId": "PostCardToConversation",
                  "apiId": "/providers/Microsoft.PowerApps/apis/shared_teams"
                },
                "parameters": {
                  "poster": "Flow bot",
                  "location": "Channel",
                  "body/recipient/groupId": "@items('Apply_to_each_-_Teams_Channel')?['msauto_teamid']",
                  "body/recipient/channelId": "@items('Apply_to_each_-_Teams_Channel')?['msauto_id']",
                  "body/messageBody": "@outputs('Adaptive_Card_JSON')"
                },
                "authentication": "@parameters('$authentication')"
              }
            }
          },
          "runAfter": {
            "List_rows_-_M365_Notification_Channels_-_Channels": [
              "Succeeded"
            ]
          },
          "metadata": {
            "operationMetadataId": "fcc315b2-3c5e-4ebe-8ff5-f3c146bb13ff"
          },
          "type": "Foreach"
        },
        "Get_a_row_by_ID_-_Active_Issue": {
          "runAfter": {},
          "metadata": {
            "operationMetadataId": "6a99a041-dd96-48c9-a321-afce9d1b8c78"
          },
          "type": "OpenApiConnection",
          "inputs": {
            "host": {
              "connectionName": "shared_commondataserviceforapps_1",
              "operationId": "GetItem",
              "apiId": "/providers/Microsoft.PowerApps/apis/shared_commondataserviceforapps"
            },
            "parameters": {
              "entityName": "msauto_m365activeissueses",
              "recordId": "@triggerOutputs()?['body/msauto_m365activeissuesid']",
              "$expand": "msauto_Service($select=msauto_subscribed)"
            },
            "authentication": "@parameters('$authentication')"
          }
        },
        "Condition_-_Check_for_Subscribed": {
          "actions": {},
          "runAfter": {
            "Get_a_row_by_ID_-_Active_Issue": [
              "Succeeded"
            ]
          },
          "else": {
            "actions": {
              "Terminate": {
                "runAfter": {},
                "metadata": {
                  "operationMetadataId": "670817c5-f7cb-4fa5-98e2-e33c878435d5"
                },
                "type": "Terminate",
                "inputs": {
                  "runStatus": "Cancelled"
                }
              }
            }
          },
          "expression": {
            "equals": [
              "@outputs('Get_a_row_by_ID_-_Active_Issue')?['body/msauto_service/msauto_subscribed']",
              "@true"
            ]
          },
          "metadata": {
            "operationMetadataId": "50576a4d-20df-4191-841e-fa42a73ef43b"
          },
          "type": "If"
        }
      }
    }
  },
  "schemaVersion": "1.0.0.0"
}