{
  "properties": {
    "connectionReferences": {
      "shared_commondataserviceforapps_1": {
        "runtimeSource": "embedded",
        "connection": {
          "connectionReferenceLogicalName": "msauto_M365ServiceHealthDataverse"
        },
        "api": {
          "name": "shared_commondataserviceforapps"
        }
      },
      "shared_teams_1": {
        "runtimeSource": "embedded",
        "connection": {
          "connectionReferenceLogicalName": "msauto_M365ServiceHealthTeams"
        },
        "api": {
          "name": "shared_teams"
        }
      },
      "shared_office365_1": {
        "runtimeSource": "embedded",
        "connection": {
          "connectionReferenceLogicalName": "msauto_M365ServiceHealthOutlook"
        },
        "api": {
          "name": "shared_office365"
        }
      }
    },
    "definition": {
      "$schema": "https://schema.management.azure.com/providers/Microsoft.Logic/schemas/2016-06-01/workflowdefinition.json#",
      "contentVersion": "1.0.0.0",
      "parameters": {
        "$connections": {
          "defaultValue": {},
          "type": "Object"
        },
        "$authentication": {
          "defaultValue": {},
          "type": "SecureObject"
        },
        "M365 Service Health - OriginatorID (msauto_M365ServiceHealthOriginatorID)": {
          "defaultValue": "970c53b9-2d70-4229-b6f5-777087b60d6d",
          "type": "String",
          "metadata": {
            "schemaName": "msauto_M365ServiceHealthOriginatorID"
          }
        }
      },
      "triggers": {
        "When_a_row_is_added,_modified_or_deleted": {
          "metadata": {
            "operationMetadataId": "f7f66a6c-f95b-4662-82eb-58f7f05a6ed4"
          },
          "type": "OpenApiConnectionWebhook",
          "inputs": {
            "host": {
              "connectionName": "shared_commondataserviceforapps_1",
              "operationId": "SubscribeWebhookTrigger",
              "apiId": "/providers/Microsoft.PowerApps/apis/shared_commondataserviceforapps"
            },
            "parameters": {
              "subscriptionRequest/message": 3,
              "subscriptionRequest/entityname": "msauto_m365servicehealth",
              "subscriptionRequest/scope": 4,
              "subscriptionRequest/filteringattributes": "msauto_servicestatus",
              "subscriptionRequest/filterexpression": "msauto_subscribed eq true"
            },
            "authentication": "@parameters('$authentication')"
          }
        }
      },
      "actions": {
        "List_rows_-_M365_Notification_Users_-_Teams": {
          "runAfter": {
            "Adaptive_Card_JSON": [
              "Succeeded"
            ]
          },
          "metadata": {
            "operationMetadataId": "b4f6df52-9a3f-4469-83a3-7d8c579ea1a3"
          },
          "type": "OpenApiConnection",
          "inputs": {
            "host": {
              "connectionName": "shared_commondataserviceforapps_1",
              "operationId": "ListRecords",
              "apiId": "/providers/Microsoft.PowerApps/apis/shared_commondataserviceforapps"
            },
            "parameters": {
              "entityName": "msauto_m365notificationuserses",
              "$filter": "msauto_teamsalert eq true"
            },
            "authentication": "@parameters('$authentication')"
          }
        },
        "Apply_to_each_-_Teams": {
          "foreach": "@outputs('List_rows_-_M365_Notification_Users_-_Teams')?['body/value']",
          "actions": {
            "Post_adaptive_card_in_a_chat_or_channel": {
              "runAfter": {},
              "metadata": {
                "operationMetadataId": "6069d803-cf2f-4bbb-a665-8c1a7bcae357"
              },
              "type": "OpenApiConnection",
              "inputs": {
                "host": {
                  "connectionName": "shared_teams_1",
                  "operationId": "PostCardToConversation",
                  "apiId": "/providers/Microsoft.PowerApps/apis/shared_teams"
                },
                "parameters": {
                  "poster": "Flow bot",
                  "location": "Chat with Flow bot",
                  "body/recipient": "@{items('Apply_to_each_-_Teams')?['msauto_objectid']};",
                  "body/messageBody": "@outputs('Adaptive_Card_JSON')",
                  "body/isAlert": "@If(equals(triggerOutputs()?['body/msauto_servicestatus'],'Healthy'),false,true)"
                },
                "authentication": "@parameters('$authentication')"
              }
            }
          },
          "runAfter": {
            "List_rows_-_M365_Notification_Users_-_Teams": [
              "Succeeded"
            ]
          },
          "metadata": {
            "operationMetadataId": "81d4a362-e52f-4d39-8498-37fc9792842b"
          },
          "type": "Foreach"
        },
        "Adaptive_Card_JSON": {
          "runAfter": {
            "Current_Service_Status": [
              "Succeeded"
            ]
          },
          "metadata": {
            "operationMetadataId": "c15551d1-6de0-4e0e-9363-a0e8e4ae9568"
          },
          "type": "Compose",
          "inputs": {
            "type": "AdaptiveCard",
            "$schema": "http://adaptivecards.io/schemas/adaptive-card.json",
            "originator": "@{parameters('M365 Service Health - OriginatorID (msauto_M365ServiceHealthOriginatorID)')}",
            "version": "1.4",
            "actions": [
              {
                "type": "Action.OpenUrl",
                "title": "View Service Health",
                "url": "https://admin.microsoft.com/#/servicehealth"
              }
            ],
            "body": [
              {
                "type": "ColumnSet",
                "columns": [
                  {
                    "type": "Column",
                    "width": "stretch",
                    "items": [
                      {
                        "type": "TextBlock",
                        "text": "Microsoft 365 Service Health Alert",
                        "wrap": true,
                        "fontType": "Default",
                        "size": "Large",
                        "weight": "Default",
                        "color": "Accent"
                      }
                    ]
                  }
                ]
              },
              {
                "type": "TextBlock",
                "text": "Service",
                "wrap": true,
                "size": "Medium",
                "fontType": "Default",
                "weight": "Bolder",
                "color": "Default",
                "isSubtle": false
              },
              {
                "type": "ColumnSet",
                "columns": [
                  {
                    "type": "Column",
                    "width": "stretch",
                    "items": [
                      {
                        "type": "TextBlock",
                        "text": "@{triggerOutputs()?['body/msauto_service']}",
                        "wrap": true,
                        "fontType": "Default",
                        "size": "Medium",
                        "weight": "Default",
                        "color": "Default",
                        "isSubtle": false
                      },
                      {
                        "type": "TextBlock",
                        "text": "Status",
                        "wrap": true,
                        "weight": "Bolder",
                        "size": "Medium",
                        "fontType": "Default",
                        "color": "Default",
                        "isSubtle": false
                      },
                      {
                        "type": "ColumnSet",
                        "columns": [
                          {
                            "type": "Column",
                            "width": "stretch",
                            "items": [
                              {
                                "type": "TextBlock",
                                "text": "Previously:",
                                "wrap": true,
                                "fontType": "Default",
                                "size": "Default",
                                "weight": "Lighter",
                                "color": "Accent",
                                "isSubtle": true
                              },
                              {
                                "type": "TextBlock",
                                "text": "@{triggerOutputs()?['body/msauto_previousservicestatus']}",
                                "wrap": true,
                                "fontType": "Default",
                                "size": "Default",
                                "weight": "Default",
                                "color": "@{if(equals(triggerOutputs()?['body/msauto_previousservicestatus'],'Healthy'),'Good','Attention')}",
                                "isSubtle": false
                              }
                            ]
                          },
                          {
                            "type": "Column",
                            "width": "stretch",
                            "items": [
                              {
                                "type": "TextBlock",
                                "text": "Now:",
                                "wrap": true,
                                "fontType": "Default",
                                "size": "Default",
                                "weight": "Default",
                                "color": "Accent",
                                "isSubtle": true
                              },
                              {
                                "type": "TextBlock",
                                "text": "@{triggerOutputs()?['body/msauto_servicestatus']}",
                                "wrap": true,
                                "fontType": "Default",
                                "size": "Medium",
                                "weight": "Default",
                                "color": "@{if(equals(triggerOutputs()?['body/msauto_servicestatus'],'Healthy'),'Good','Attention')}",
                                "isSubtle": false
                              }
                            ]
                          }
                        ]
                      }
                    ]
                  }
                ]
              }
            ]
          }
        },
        "Previous_Service_Status": {
          "runAfter": {},
          "metadata": {
            "operationMetadataId": "e7b0dccf-f9c7-44ba-87ee-3acb5467e662"
          },
          "type": "Compose",
          "inputs": "@triggerOutputs()?['body/msauto_previousservicestatus']"
        },
        "Current_Service_Status": {
          "runAfter": {
            "Previous_Service_Status": [
              "Succeeded"
            ]
          },
          "metadata": {
            "operationMetadataId": "82903269-658e-4e4f-b99a-80ddd634c215"
          },
          "type": "Compose",
          "inputs": "@triggerOutputs()?['body/msauto_servicestatus']"
        },
        "List_rows_-_M365_Notification_Users_-_Outlook": {
          "runAfter": {
            "Adaptive_Card_JSON": [
              "Succeeded"
            ]
          },
          "metadata": {
            "operationMetadataId": "b4f6df52-9a3f-4469-83a3-7d8c579ea1a3"
          },
          "type": "OpenApiConnection",
          "inputs": {
            "host": {
              "connectionName": "shared_commondataserviceforapps_1",
              "operationId": "ListRecords",
              "apiId": "/providers/Microsoft.PowerApps/apis/shared_commondataserviceforapps"
            },
            "parameters": {
              "entityName": "msauto_m365notificationuserses",
              "$filter": "msauto_mailalert eq true"
            },
            "authentication": "@parameters('$authentication')"
          }
        },
        "Apply_to_each_-_Outlook": {
          "foreach": "@outputs('List_rows_-_M365_Notification_Users_-_Outlook')?['body/value']",
          "actions": {
            "Send_an_email_(V2)": {
              "runAfter": {},
              "metadata": {
                "operationMetadataId": "8fc2f2c4-527f-4d48-9f87-4b5d674d55a6"
              },
              "type": "OpenApiConnection",
              "inputs": {
                "host": {
                  "connectionName": "shared_office365_1",
                  "operationId": "SendEmailV2",
                  "apiId": "/providers/Microsoft.PowerApps/apis/shared_office365"
                },
                "parameters": {
                  "emailMessage/To": "@items('Apply_to_each_-_Outlook')?['msauto_mail']",
                  "emailMessage/Subject": "Microsoft 365 Service Health Alert: @{triggerOutputs()?['body/msauto_service']}",
                  "emailMessage/Body": "<script type=\"application/adaptivecard+json\">\n@{outputs('Adaptive_Card_JSON')}\n</script>",
                  "emailMessage/Importance": "Normal"
                },
                "authentication": "@parameters('$authentication')"
              }
            }
          },
          "runAfter": {
            "List_rows_-_M365_Notification_Users_-_Outlook": [
              "Succeeded"
            ]
          },
          "metadata": {
            "operationMetadataId": "665437ce-bec1-44de-a4c6-bd74e91ca42d"
          },
          "type": "Foreach"
        },
        "List_rows_-_M365_Notification_Channels_-_Channels": {
          "runAfter": {
            "Adaptive_Card_JSON": [
              "Succeeded"
            ]
          },
          "metadata": {
            "operationMetadataId": "13febfa3-d1c8-4b54-9a1b-223fce151b2c"
          },
          "type": "OpenApiConnection",
          "inputs": {
            "host": {
              "connectionName": "shared_commondataserviceforapps_1",
              "operationId": "ListRecords",
              "apiId": "/providers/Microsoft.PowerApps/apis/shared_commondataserviceforapps"
            },
            "parameters": {
              "entityName": "msauto_m365notificationchannelses"
            },
            "authentication": "@parameters('$authentication')"
          }
        },
        "Apply_to_each_-_Teams_Channel": {
          "foreach": "@outputs('List_rows_-_M365_Notification_Channels_-_Channels')?['body/value']",
          "actions": {
            "Post_adaptive_card_in_a_chat_or_channel_-_Channel": {
              "runAfter": {},
              "metadata": {
                "operationMetadataId": "b5142a5d-0641-44a5-b232-d625954f5855"
              },
              "type": "OpenApiConnection",
              "inputs": {
                "host": {
                  "connectionName": "shared_teams_1",
                  "operationId": "PostCardToConversation",
                  "apiId": "/providers/Microsoft.PowerApps/apis/shared_teams"
                },
                "parameters": {
                  "poster": "Flow bot",
                  "location": "Channel",
                  "body/recipient/groupId": "@items('Apply_to_each_-_Teams_Channel')?['msauto_teamid']",
                  "body/recipient/channelId": "@items('Apply_to_each_-_Teams_Channel')?['msauto_id']",
                  "body/messageBody": "@outputs('Adaptive_Card_JSON')"
                },
                "authentication": "@parameters('$authentication')"
              }
            }
          },
          "runAfter": {
            "List_rows_-_M365_Notification_Channels_-_Channels": [
              "Succeeded"
            ]
          },
          "metadata": {
            "operationMetadataId": "fcc315b2-3c5e-4ebe-8ff5-f3c146bb13ff"
          },
          "type": "Foreach"
        }
      },
      "outputs": {}
    }
  },
  "schemaVersion": "1.0.0.0"
}