{
  "properties": {
    "connectionReferences": {},
    "definition": {
      "$schema": "https://schema.management.azure.com/providers/Microsoft.Logic/schemas/2016-06-01/workflowdefinition.json#",
      "contentVersion": "1.0.0.0",
      "parameters": {
        "$authentication": {
          "defaultValue": {},
          "type": "SecureObject"
        }
      },
      "triggers": {
        "Recurrence": {
          "recurrence": {
            "frequency": "Minute",
            "interval": 30,
            "startTime": "2022-01-01T06:00:00Z"
          },
          "metadata": {
            "operationMetadataId": "10e10420-2eee-4602-b86d-f8fb3fc6dfda"
          },
          "type": "Recurrence"
        }
      },
      "actions": {
        "Update_Service_Health": {
          "runAfter": {},
          "metadata": {
            "operationMetadataId": "34261202-911b-4a95-a41f-1725e4128142"
          },
          "type": "Workflow",
          "inputs": {
            "host": {
              "workflowReferenceName": "b5440df4-cbfc-ec11-82e5-000d3a5cc351"
            }
          }
        },
        "Update_Active_Issues": {
          "runAfter": {},
          "metadata": {
            "operationMetadataId": "e92d4eea-33f7-41b6-8526-66a85367d41b"
          },
          "type": "Workflow",
          "inputs": {
            "host": {
              "workflowReferenceName": "a60f5812-d9fc-ec11-82e5-000d3a5cc390"
            }
          }
        }
      }
    }
  },
  "schemaVersion": "1.0.0.0"
}