{
  "properties": {
    "connectionReferences": {
      "shared_commondataserviceforapps_1": {
        "runtimeSource": "embedded",
        "connection": {
          "connectionReferenceLogicalName": "msauto_M365ServiceHealthDataverse"
        },
        "api": {
          "name": "shared_commondataserviceforapps"
        }
      }
    },
    "definition": {
      "$schema": "https://schema.management.azure.com/providers/Microsoft.Logic/schemas/2016-06-01/workflowdefinition.json#",
      "contentVersion": "1.0.0.0",
      "parameters": {
        "$connections": {
          "defaultValue": {},
          "type": "Object"
        },
        "$authentication": {
          "defaultValue": {},
          "type": "SecureObject"
        },
        "App_M365ServiceHealth_ClientID (msauto_App_M365ServiceHealth_ClientID)": {
          "defaultValue": "cff1aa1f-7b3c-42e0-af60-08d30deb20d8",
          "type": "String",
          "metadata": {
            "schemaName": "msauto_App_M365ServiceHealth_ClientID"
          }
        },
        "App_M365ServiceHealth_ClientSecret (msauto_App_M365ServiceHealth_ClientSecret)": {
          "defaultValue": "h4i8Q~QHIIxTSAgGMq.vCUX2In7TOEfB5ASErctL",
          "type": "String",
          "metadata": {
            "schemaName": "msauto_App_M365ServiceHealth_ClientSecret"
          }
        },
        "App_M365ServiceHealth_TenantID (msauto_App_M365ServiceHealth_TenantID)": {
          "defaultValue": "62b71b94-5ddd-4bd1-b652-1a1f2a56868c",
          "type": "String",
          "metadata": {
            "schemaName": "msauto_App_M365ServiceHealth_TenantID"
          }
        }
      },
      "triggers": {
        "manual": {
          "metadata": {
            "operationMetadataId": "42c714fa-13af-4538-919d-8e50a9a1178d"
          },
          "type": "Request",
          "kind": "Button",
          "inputs": {
            "schema": {
              "type": "object",
              "properties": {},
              "required": []
            }
          }
        }
      },
      "actions": {
        "HTTP_-_Get_Active_Issues": {
          "runAfter": {},
          "metadata": {
            "operationMetadataId": "db8634ee-723e-4e00-b349-932cc63fb346"
          },
          "type": "Http",
          "inputs": {
            "method": "GET",
            "uri": "https://graph.microsoft.com/v1.0/admin/serviceAnnouncement/issues",
            "queries": {
              "$filter": "isResolved eq false",
              "$count": "true"
            },
            "authentication": {
              "type": "ActiveDirectoryOAuth",
              "tenant": "@parameters('App_M365ServiceHealth_TenantID (msauto_App_M365ServiceHealth_TenantID)')",
              "audience": "https://graph.microsoft.com",
              "clientId": "@parameters('App_M365ServiceHealth_ClientID (msauto_App_M365ServiceHealth_ClientID)')",
              "secret": "@parameters('App_M365ServiceHealth_ClientSecret (msauto_App_M365ServiceHealth_ClientSecret)')"
            }
          }
        },
        "Parse_JSON_-_Get_Active_Issues": {
          "runAfter": {
            "HTTP_-_Get_Active_Issues": [
              "Succeeded"
            ]
          },
          "metadata": {
            "operationMetadataId": "f1d0d0ed-2712-4d40-873c-9938084e2184"
          },
          "type": "ParseJson",
          "inputs": {
            "content": "@body('HTTP_-_Get_Active_Issues')",
            "schema": {
              "type": "object",
              "properties": {
                "@@odata.context": {
                  "type": "string"
                },
                "@@odata.count": {
                  "type": "integer"
                },
                "value": {
                  "type": "array",
                  "items": {
                    "type": "object",
                    "properties": {
                      "startDateTime": {
                        "type": "string"
                      },
                      "endDateTime": {},
                      "lastModifiedDateTime": {
                        "type": "string"
                      },
                      "title": {
                        "type": "string"
                      },
                      "id": {
                        "type": "string"
                      },
                      "impactDescription": {
                        "type": "string"
                      },
                      "classification": {
                        "type": "string"
                      },
                      "origin": {
                        "type": "string"
                      },
                      "status": {
                        "type": "string"
                      },
                      "service": {
                        "type": "string"
                      },
                      "feature": {
                        "type": "string"
                      },
                      "featureGroup": {
                        "type": "string"
                      },
                      "isResolved": {
                        "type": "boolean"
                      },
                      "highImpact": {},
                      "details": {
                        "type": "array"
                      },
                      "posts": {
                        "type": "array",
                        "items": {
                          "type": "object",
                          "properties": {
                            "createdDateTime": {
                              "type": "string"
                            },
                            "postType": {
                              "type": "string"
                            },
                            "description": {
                              "type": "object",
                              "properties": {
                                "contentType": {
                                  "type": "string"
                                },
                                "content": {
                                  "type": "string"
                                }
                              }
                            }
                          },
                          "required": [
                            "createdDateTime",
                            "postType",
                            "description"
                          ]
                        }
                      }
                    },
                    "required": [
                      "startDateTime",
                      "endDateTime",
                      "lastModifiedDateTime",
                      "title",
                      "id",
                      "impactDescription",
                      "classification",
                      "origin",
                      "status",
                      "service",
                      "feature",
                      "featureGroup",
                      "isResolved",
                      "highImpact",
                      "details",
                      "posts"
                    ]
                  }
                }
              }
            }
          }
        },
        "Apply_to_each": {
          "foreach": "@body('Parse_JSON_-_Get_Active_Issues')?['value']",
          "actions": {
            "List_rows_-_Check_for_ID": {
              "runAfter": {},
              "metadata": {
                "operationMetadataId": "18dd9a2a-aaa9-419a-9d39-b21ac4c087f6"
              },
              "type": "OpenApiConnection",
              "inputs": {
                "host": {
                  "connectionName": "shared_commondataserviceforapps_1",
                  "operationId": "ListRecords",
                  "apiId": "/providers/Microsoft.PowerApps/apis/shared_commondataserviceforapps"
                },
                "parameters": {
                  "entityName": "msauto_m365activeissueses",
                  "$filter": "msauto_id eq '@{items('Apply_to_each')?['id']}'"
                },
                "authentication": {
                  "type": "Raw",
                  "value": "@json(decodeBase64(triggerOutputs().headers['X-MS-APIM-Tokens']))['$ConnectionKey']"
                }
              }
            },
            "Condition_-_Create_Row": {
              "actions": {
                "Add_a_new_row": {
                  "runAfter": {},
                  "metadata": {
                    "operationMetadataId": "ab785f93-eefc-462a-b1ef-b902439bf4aa"
                  },
                  "type": "OpenApiConnection",
                  "inputs": {
                    "host": {
                      "connectionName": "shared_commondataserviceforapps_1",
                      "operationId": "CreateRecord",
                      "apiId": "/providers/Microsoft.PowerApps/apis/shared_commondataserviceforapps"
                    },
                    "parameters": {
                      "entityName": "msauto_m365activeissueses",
                      "item/msauto_id": "@items('Apply_to_each')?['id']",
                      "item/msauto_resolved": "@items('Apply_to_each')?['isResolved']",
                      "item/msauto_affectedservice": "@items('Apply_to_each')?['service']",
                      "item/msauto_impactdescription": "@items('Apply_to_each')?['impactDescription']",
                      "item/msauto_issuestatus": "@if(equals(outputs('Status'),'serviceOperational'),'Healthy',if(equals(outputs('Status'),'restoringService'),'Restoring Service','Service Degration'))",
                      "item/msauto_issuetype": "@items('Apply_to_each')?['classification']",
                      "item/msauto_lastupdate": "@items('Apply_to_each')?['lastModifiedDateTime']",
                      "item/msauto_origin": "@items('Apply_to_each')?['origin']",
                      "item/msauto_selectable": true,
                      "item/msauto_startdate": "@items('Apply_to_each')?['startDateTime']",
                      "item/msauto_title": "@items('Apply_to_each')?['title']"
                    },
                    "authentication": {
                      "type": "Raw",
                      "value": "@json(decodeBase64(triggerOutputs().headers['X-MS-APIM-Tokens']))['$ConnectionKey']"
                    }
                  }
                },
                "List_rows_-_Service_Health": {
                  "runAfter": {
                    "Add_a_new_row": [
                      "Succeeded"
                    ]
                  },
                  "metadata": {
                    "operationMetadataId": "3f998561-9f0f-4f29-af44-45e9801c8b82"
                  },
                  "type": "OpenApiConnection",
                  "inputs": {
                    "host": {
                      "connectionName": "shared_commondataserviceforapps_1",
                      "operationId": "ListRecords",
                      "apiId": "/providers/Microsoft.PowerApps/apis/shared_commondataserviceforapps"
                    },
                    "parameters": {
                      "entityName": "msauto_m365servicehealths",
                      "$filter": "msauto_service eq '@{outputs('Add_a_new_row')?['body/msauto_affectedservice']}'"
                    },
                    "authentication": {
                      "type": "Raw",
                      "value": "@json(decodeBase64(triggerOutputs().headers['X-MS-APIM-Tokens']))['$ConnectionKey']"
                    }
                  }
                },
                "Apply_to_each_-_Relate_New_Row": {
                  "foreach": "@outputs('List_rows_-_Service_Health')?['body/value']",
                  "actions": {
                    "Get_a_row_by_ID_-_Service_Health": {
                      "runAfter": {},
                      "metadata": {
                        "operationMetadataId": "88c1f4a3-0eb4-4672-bf5e-07b89209be10"
                      },
                      "type": "OpenApiConnection",
                      "inputs": {
                        "host": {
                          "connectionName": "shared_commondataserviceforapps_1",
                          "operationId": "GetItem",
                          "apiId": "/providers/Microsoft.PowerApps/apis/shared_commondataserviceforapps"
                        },
                        "parameters": {
                          "entityName": "msauto_m365servicehealths",
                          "recordId": "@items('Apply_to_each_-_Relate_New_Row')?['msauto_m365servicehealthid']"
                        },
                        "authentication": {
                          "type": "Raw",
                          "value": "@json(decodeBase64(triggerOutputs().headers['X-MS-APIM-Tokens']))['$ConnectionKey']"
                        }
                      }
                    },
                    "Relate_rows": {
                      "runAfter": {
                        "Get_a_row_by_ID_-_Service_Health": [
                          "Succeeded"
                        ]
                      },
                      "metadata": {
                        "operationMetadataId": "14b1bc0a-44f9-4ca8-a4b6-2d2e4a608f19"
                      },
                      "type": "OpenApiConnection",
                      "inputs": {
                        "host": {
                          "connectionName": "shared_commondataserviceforapps_1",
                          "operationId": "AssociateEntities",
                          "apiId": "/providers/Microsoft.PowerApps/apis/shared_commondataserviceforapps"
                        },
                        "parameters": {
                          "entityName": "msauto_m365servicehealths",
                          "recordId": "@outputs('Get_a_row_by_ID_-_Service_Health')?['body/msauto_m365servicehealthid']",
                          "associationEntityRelationship": "msauto_msauto_m365activeissues_Service_msauto_m3",
                          "item/@odata.id": "@outputs('Add_a_new_row')?['body/@odata.id']"
                        },
                        "authentication": {
                          "type": "Raw",
                          "value": "@json(decodeBase64(triggerOutputs().headers['X-MS-APIM-Tokens']))['$ConnectionKey']"
                        }
                      }
                    }
                  },
                  "runAfter": {
                    "List_rows_-_Service_Health": [
                      "Succeeded"
                    ]
                  },
                  "metadata": {
                    "operationMetadataId": "a66bbf06-9bc6-43f3-91a7-676eed50edb5"
                  },
                  "type": "Foreach"
                }
              },
              "runAfter": {
                "Status": [
                  "Succeeded"
                ]
              },
              "expression": {
                "equals": [
                  "@empty(outputs('List_rows_-_Check_for_ID')?['body/value'])",
                  "@true"
                ]
              },
              "metadata": {
                "operationMetadataId": "774761a5-68a6-4b8b-bfd9-e7907f1fc370"
              },
              "type": "If"
            },
            "Status": {
              "runAfter": {
                "List_rows_-_Check_for_ID": [
                  "Succeeded"
                ]
              },
              "metadata": {
                "operationMetadataId": "90f1830e-622d-4101-8476-2635049603c9"
              },
              "type": "Compose",
              "inputs": "@items('Apply_to_each')?['status']"
            }
          },
          "runAfter": {
            "Parse_JSON_-_Get_Active_Issues": [
              "Succeeded"
            ]
          },
          "metadata": {
            "operationMetadataId": "7d3d8bd6-a558-4107-a283-ac1c06d802fb"
          },
          "type": "Foreach"
        },
        "List_rows_-_Get_Issues_Not_Resolved": {
          "runAfter": {},
          "metadata": {
            "operationMetadataId": "a1f0b1e5-4e58-49f8-8ff5-1cf4bd070ae0"
          },
          "type": "OpenApiConnection",
          "inputs": {
            "host": {
              "connectionName": "shared_commondataserviceforapps_1",
              "operationId": "ListRecords",
              "apiId": "/providers/Microsoft.PowerApps/apis/shared_commondataserviceforapps"
            },
            "parameters": {
              "entityName": "msauto_m365activeissueses",
              "$filter": "msauto_resolved ne true"
            },
            "authentication": {
              "type": "Raw",
              "value": "@json(decodeBase64(triggerOutputs().headers['X-MS-APIM-Tokens']))['$ConnectionKey']"
            }
          }
        },
        "Update_Active_Issue_Individually": {
          "foreach": "@outputs('List_rows_-_Get_Issues_Not_Resolved')?['body/value']",
          "actions": {
            "HTTP_-_Get_Issue": {
              "runAfter": {},
              "metadata": {
                "operationMetadataId": "db8634ee-723e-4e00-b349-932cc63fb346"
              },
              "type": "Http",
              "inputs": {
                "method": "GET",
                "uri": "https://graph.microsoft.com/v1.0/admin/serviceAnnouncement/issues/@{items('Update_Active_Issue_Individually')?['msauto_id']}",
                "authentication": {
                  "type": "ActiveDirectoryOAuth",
                  "tenant": "@parameters('App_M365ServiceHealth_TenantID (msauto_App_M365ServiceHealth_TenantID)')",
                  "audience": "https://graph.microsoft.com",
                  "clientId": "@parameters('App_M365ServiceHealth_ClientID (msauto_App_M365ServiceHealth_ClientID)')",
                  "secret": "@parameters('App_M365ServiceHealth_ClientSecret (msauto_App_M365ServiceHealth_ClientSecret)')"
                }
              }
            },
            "Switch_-_Status_Code": {
              "runAfter": {
                "HTTP_-_Get_Issue": [
                  "Succeeded",
                  "Failed"
                ]
              },
              "cases": {
                "Status_is_200": {
                  "case": 200,
                  "actions": {
                    "Parse_JSON_-_Get_Issue": {
                      "runAfter": {},
                      "metadata": {
                        "operationMetadataId": "3e19f3af-c373-467e-91cd-7406367ddb78"
                      },
                      "type": "ParseJson",
                      "inputs": {
                        "content": "@body('HTTP_-_Get_Issue')",
                        "schema": {
                          "type": "object",
                          "properties": {
                            "@@odata.context": {
                              "type": "string"
                            },
                            "startDateTime": {
                              "type": "string"
                            },
                            "endDateTime": {},
                            "lastModifiedDateTime": {
                              "type": "string"
                            },
                            "title": {
                              "type": "string"
                            },
                            "id": {
                              "type": "string"
                            },
                            "impactDescription": {
                              "type": "string"
                            },
                            "classification": {
                              "type": "string"
                            },
                            "origin": {
                              "type": "string"
                            },
                            "status": {
                              "type": "string"
                            },
                            "service": {
                              "type": "string"
                            },
                            "feature": {
                              "type": "string"
                            },
                            "featureGroup": {
                              "type": "string"
                            },
                            "isResolved": {
                              "type": "boolean"
                            },
                            "highImpact": {},
                            "details": {
                              "type": "array",
                              "items": {
                                "type": "object",
                                "properties": {
                                  "name": {
                                    "type": "string"
                                  },
                                  "value": {
                                    "type": "string"
                                  }
                                },
                                "required": [
                                  "name",
                                  "value"
                                ]
                              }
                            },
                            "posts": {
                              "type": "array",
                              "items": {
                                "type": "object",
                                "properties": {
                                  "createdDateTime": {
                                    "type": "string"
                                  },
                                  "postType": {
                                    "type": "string"
                                  },
                                  "description": {
                                    "type": "object",
                                    "properties": {
                                      "contentType": {
                                        "type": "string"
                                      },
                                      "content": {
                                        "type": "string"
                                      }
                                    }
                                  }
                                },
                                "required": [
                                  "createdDateTime",
                                  "postType",
                                  "description"
                                ]
                              }
                            }
                          }
                        }
                      }
                    },
                    "Status_2": {
                      "runAfter": {
                        "Parse_JSON_-_Get_Issue": [
                          "Succeeded"
                        ]
                      },
                      "metadata": {
                        "operationMetadataId": "806f0c68-8bcb-47c3-9d39-72e23756329f"
                      },
                      "type": "Compose",
                      "inputs": "@body('Parse_JSON_-_Get_Issue')?['status']"
                    },
                    "Condition_-_Check_Last_Updated": {
                      "actions": {
                        "Update_a_row_-_Active_Issue": {
                          "runAfter": {},
                          "metadata": {
                            "operationMetadataId": "e9eed8b1-cb6c-43dd-84ed-70cf4af2ad2d"
                          },
                          "type": "OpenApiConnection",
                          "inputs": {
                            "host": {
                              "connectionName": "shared_commondataserviceforapps_1",
                              "operationId": "UpdateRecord",
                              "apiId": "/providers/Microsoft.PowerApps/apis/shared_commondataserviceforapps"
                            },
                            "parameters": {
                              "entityName": "msauto_m365activeissueses",
                              "recordId": "@items('Update_Active_Issue_Individually')?['msauto_m365activeissuesid']",
                              "item/msauto_resolved": "@body('Parse_JSON_-_Get_Issue')?['isResolved']",
                              "item/msauto_affectedservice": "@body('Parse_JSON_-_Get_Issue')?['service']",
                              "item/msauto_impactdescription": "@body('Parse_JSON_-_Get_Issue')?['impactDescription']",
                              "item/msauto_issuestatus": "@if(equals(outputs('Status_2'),'serviceOperational'),'Healthy',if(equals(outputs('Status_2'),'restoringService'),'Restoring Service','Service Degration'))",
                              "item/msauto_issuetype": "@body('Parse_JSON_-_Get_Issue')?['classification']",
                              "item/msauto_lastupdate": "@body('Parse_JSON_-_Get_Issue')?['lastModifiedDateTime']",
                              "item/msauto_origin": "@body('Parse_JSON_-_Get_Issue')?['origin']",
                              "item/msauto_startdate": "@body('Parse_JSON_-_Get_Issue')?['startDateTime']"
                            },
                            "authentication": {
                              "type": "Raw",
                              "value": "@json(decodeBase64(triggerOutputs().headers['X-MS-APIM-Tokens']))['$ConnectionKey']"
                            }
                          }
                        }
                      },
                      "runAfter": {
                        "Status_2": [
                          "Succeeded"
                        ]
                      },
                      "expression": {
                        "greater": [
                          "@body('Parse_JSON_-_Get_Issue')?['lastModifiedDateTime']",
                          "@items('Update_Active_Issue_Individually')?['msauto_lastupdate']"
                        ]
                      },
                      "type": "If"
                    }
                  }
                }
              },
              "default": {
                "actions": {
                  "Update_a_row_-_Update_to_Inactive": {
                    "runAfter": {},
                    "type": "OpenApiConnection",
                    "inputs": {
                      "host": {
                        "connectionName": "shared_commondataserviceforapps_1",
                        "operationId": "UpdateRecord",
                        "apiId": "/providers/Microsoft.PowerApps/apis/shared_commondataserviceforapps"
                      },
                      "parameters": {
                        "entityName": "msauto_m365activeissueses",
                        "recordId": "@items('Update_Active_Issue_Individually')?['msauto_m365activeissuesid']",
                        "item/statecode": 1
                      },
                      "authentication": {
                        "type": "Raw",
                        "value": "@json(decodeBase64(triggerOutputs().headers['X-MS-APIM-Tokens']))['$ConnectionKey']"
                      }
                    }
                  }
                }
              },
              "expression": "@outputs('HTTP_-_Get_Issue')['statusCode']",
              "metadata": {
                "operationMetadataId": "465ea4e2-b858-4d31-83e8-ba5140dab21a"
              },
              "type": "Switch"
            }
          },
          "runAfter": {
            "List_rows_-_Get_Issues_Not_Resolved": [
              "Succeeded"
            ]
          },
          "metadata": {
            "operationMetadataId": "df70d6a6-3a7c-490c-bcda-c8922387fafa"
          },
          "type": "Foreach"
        },
        "Respond_to_a_PowerApp_or_flow": {
          "runAfter": {
            "Update_Active_Issue_Individually": [
              "Succeeded"
            ],
            "Apply_to_each": [
              "Succeeded"
            ]
          },
          "metadata": {
            "operationMetadataId": "8095a4b7-6cef-42b3-a8dd-775100ca6494"
          },
          "type": "Response",
          "kind": "PowerApp",
          "inputs": {
            "statusCode": 200,
            "body": {},
            "schema": {
              "type": "object",
              "properties": {}
            }
          }
        }
      },
      "outputs": {}
    }
  },
  "schemaVersion": "1.0.0.0"
}