{
  "properties": {
    "connectionReferences": {
      "shared_commondataserviceforapps_1": {
        "runtimeSource": "embedded",
        "connection": {
          "connectionReferenceLogicalName": "msauto_M365ServiceHealthDataverse"
        },
        "api": {
          "name": "shared_commondataserviceforapps"
        }
      }
    },
    "definition": {
      "$schema": "https://schema.management.azure.com/providers/Microsoft.Logic/schemas/2016-06-01/workflowdefinition.json#",
      "contentVersion": "1.0.0.0",
      "parameters": {
        "$connections": {
          "defaultValue": {},
          "type": "Object"
        },
        "$authentication": {
          "defaultValue": {},
          "type": "SecureObject"
        },
        "App_M365ServiceHealth_ClientID (msauto_App_M365ServiceHealth_ClientID)": {
          "defaultValue": "cff1aa1f-7b3c-42e0-af60-08d30deb20d8",
          "type": "String",
          "metadata": {
            "schemaName": "msauto_App_M365ServiceHealth_ClientID"
          }
        },
        "App_M365ServiceHealth_ClientSecret (msauto_App_M365ServiceHealth_ClientSecret)": {
          "defaultValue": "h4i8Q~QHIIxTSAgGMq.vCUX2In7TOEfB5ASErctL",
          "type": "String",
          "metadata": {
            "schemaName": "msauto_App_M365ServiceHealth_ClientSecret"
          }
        },
        "App_M365ServiceHealth_TenantID (msauto_App_M365ServiceHealth_TenantID)": {
          "defaultValue": "62b71b94-5ddd-4bd1-b652-1a1f2a56868c",
          "type": "String",
          "metadata": {
            "schemaName": "msauto_App_M365ServiceHealth_TenantID"
          }
        }
      },
      "triggers": {
        "manual": {
          "metadata": {
            "operationMetadataId": "808cf893-bb7f-48d9-b334-7337984e78b3"
          },
          "type": "Request",
          "kind": "Button",
          "inputs": {
            "schema": {
              "type": "object",
              "properties": {},
              "required": []
            }
          }
        }
      },
      "actions": {
        "Initialize_variable_-_Success": {
          "runAfter": {},
          "metadata": {
            "operationMetadataId": "a3b7a139-3c5c-435f-8339-03119e66d5d4"
          },
          "type": "InitializeVariable",
          "inputs": {
            "variables": [
              {
                "name": "Success",
                "type": "boolean",
                "value": "@false"
              }
            ]
          }
        },
        "Respond_to_a_PowerApp_or_flow": {
          "runAfter": {
            "Set_variable_-_Success": [
              "Succeeded",
              "Skipped",
              "Failed"
            ]
          },
          "metadata": {
            "operationMetadataId": "5c2d5a1d-170a-45e7-97e1-ebd8deeb2a29"
          },
          "type": "Response",
          "kind": "PowerApp",
          "inputs": {
            "statusCode": 200,
            "body": {
              "success": "@{variables('Success')}"
            },
            "schema": {
              "type": "object",
              "properties": {
                "success": {
                  "title": "Success",
                  "x-ms-dynamically-added": true,
                  "type": "boolean"
                }
              }
            }
          }
        },
        "Update_Service_Health": {
          "actions": {
            "HTTP_-_List_Health_Overviews": {
              "runAfter": {},
              "metadata": {
                "operationMetadataId": "05230e1a-6557-437e-b78d-6181f00e719f"
              },
              "type": "Http",
              "inputs": {
                "method": "GET",
                "uri": "https://graph.microsoft.com/v1.0/admin/serviceAnnouncement/healthOverviews",
                "headers": {
                  "Content-Type": "application/json"
                },
                "authentication": {
                  "type": "ActiveDirectoryOAuth",
                  "tenant": "@parameters('App_M365ServiceHealth_TenantID (msauto_App_M365ServiceHealth_TenantID)')",
                  "audience": "https://graph.microsoft.com",
                  "clientId": "@parameters('App_M365ServiceHealth_ClientID (msauto_App_M365ServiceHealth_ClientID)')",
                  "secret": "@parameters('App_M365ServiceHealth_ClientSecret (msauto_App_M365ServiceHealth_ClientSecret)')"
                }
              }
            },
            "Parse_JSON_-_List_Health_Overviews": {
              "runAfter": {
                "HTTP_-_List_Health_Overviews": [
                  "Succeeded"
                ]
              },
              "metadata": {
                "operationMetadataId": "95f4f998-7371-4a7c-97ea-635d54b4ce11"
              },
              "type": "ParseJson",
              "inputs": {
                "content": "@body('HTTP_-_List_Health_Overviews')",
                "schema": {
                  "type": "object",
                  "properties": {
                    "@@odata.context": {
                      "type": "string"
                    },
                    "value": {
                      "type": "array",
                      "items": {
                        "type": "object",
                        "properties": {
                          "service": {
                            "type": "string"
                          },
                          "status": {
                            "type": "string"
                          },
                          "id": {
                            "type": "string"
                          }
                        },
                        "required": [
                          "service",
                          "status",
                          "id"
                        ]
                      }
                    }
                  }
                }
              }
            },
            "Apply_to_each": {
              "foreach": "@body('Parse_JSON_-_List_Health_Overviews')?['value']",
              "actions": {
                "Status": {
                  "runAfter": {},
                  "metadata": {
                    "operationMetadataId": "ef6d01a7-c5fc-4e0b-935a-fadf54fb8cf9"
                  },
                  "type": "Compose",
                  "inputs": "@items('Apply_to_each')?['status']"
                },
                "List_rows_-_Service": {
                  "runAfter": {
                    "Status_Formatted": [
                      "Succeeded"
                    ]
                  },
                  "metadata": {
                    "operationMetadataId": "f28a85c3-79cc-42e2-af25-4a0eed40aa7f"
                  },
                  "type": "OpenApiConnection",
                  "inputs": {
                    "host": {
                      "connectionName": "shared_commondataserviceforapps_1",
                      "operationId": "ListRecords",
                      "apiId": "/providers/Microsoft.PowerApps/apis/shared_commondataserviceforapps"
                    },
                    "parameters": {
                      "entityName": "msauto_m365servicehealths",
                      "$filter": "msauto_service eq '@{items('Apply_to_each')?['service']}'"
                    },
                    "authentication": {
                      "type": "Raw",
                      "value": "@json(decodeBase64(triggerOutputs().headers['X-MS-APIM-Tokens']))['$ConnectionKey']"
                    }
                  }
                },
                "Condition_-_Create_or_Update_Service": {
                  "actions": {
                    "Add_a_new_row": {
                      "runAfter": {},
                      "metadata": {
                        "operationMetadataId": "5e758ced-9c33-49db-9334-5bc1090d6cba"
                      },
                      "type": "OpenApiConnection",
                      "inputs": {
                        "host": {
                          "connectionName": "shared_commondataserviceforapps_1",
                          "operationId": "CreateRecord",
                          "apiId": "/providers/Microsoft.PowerApps/apis/shared_commondataserviceforapps"
                        },
                        "parameters": {
                          "entityName": "msauto_m365servicehealths",
                          "item/msauto_service": "@items('Apply_to_each')?['service']",
                          "item/msauto_servicestatus": "@outputs('Status_Formatted')",
                          "item/msauto_selectable": true,
                          "item/msauto_tagbordercolor": "rgb(194,107,0)",
                          "item/msauto_tagcolor": "@if(equals(items('Apply_to_each')?['status'],'serviceOperational'),'RGB(152,208,70)','rgb(255, 140, 0)')"
                        },
                        "authentication": {
                          "type": "Raw",
                          "value": "@json(decodeBase64(triggerOutputs().headers['X-MS-APIM-Tokens']))['$ConnectionKey']"
                        }
                      }
                    }
                  },
                  "runAfter": {
                    "List_rows_-_Service": [
                      "Succeeded"
                    ]
                  },
                  "else": {
                    "actions": {
                      "Apply_to_each_2": {
                        "foreach": "@outputs('List_rows_-_Service')?['body/value']",
                        "actions": {
                          "Condition_-_Update_Status": {
                            "actions": {
                              "Update_a_row_-_Store_Previous_Status": {
                                "runAfter": {},
                                "metadata": {
                                  "operationMetadataId": "46ccaa5a-4328-4695-b289-791a3beabd58"
                                },
                                "type": "OpenApiConnection",
                                "inputs": {
                                  "host": {
                                    "connectionName": "shared_commondataserviceforapps_1",
                                    "operationId": "UpdateRecord",
                                    "apiId": "/providers/Microsoft.PowerApps/apis/shared_commondataserviceforapps"
                                  },
                                  "parameters": {
                                    "entityName": "msauto_m365servicehealths",
                                    "recordId": "@items('Apply_to_each_2')?['msauto_m365servicehealthid']",
                                    "item/msauto_previousservicestatus": "@items('Apply_to_each_2')?['msauto_servicestatus']"
                                  },
                                  "authentication": {
                                    "type": "Raw",
                                    "value": "@json(decodeBase64(triggerOutputs().headers['X-MS-APIM-Tokens']))['$ConnectionKey']"
                                  }
                                }
                              },
                              "Update_a_row_-_Current_Status": {
                                "runAfter": {
                                  "Update_a_row_-_Store_Previous_Status": [
                                    "Succeeded"
                                  ]
                                },
                                "metadata": {
                                  "operationMetadataId": "62b9e2e7-826f-4edb-9ff1-c658e97c3205"
                                },
                                "type": "OpenApiConnection",
                                "inputs": {
                                  "host": {
                                    "connectionName": "shared_commondataserviceforapps_1",
                                    "operationId": "UpdateRecord",
                                    "apiId": "/providers/Microsoft.PowerApps/apis/shared_commondataserviceforapps"
                                  },
                                  "parameters": {
                                    "entityName": "msauto_m365servicehealths",
                                    "recordId": "@items('Apply_to_each_2')?['msauto_m365servicehealthid']",
                                    "item/msauto_servicestatus": "@outputs('Status_Formatted')",
                                    "item/msauto_tagcolor": "@if(equals(items('Apply_to_each')?['status'],'serviceOperational'),'RGB(152,208,70)','rgb(255, 140, 0)')"
                                  },
                                  "authentication": {
                                    "type": "Raw",
                                    "value": "@json(decodeBase64(triggerOutputs().headers['X-MS-APIM-Tokens']))['$ConnectionKey']"
                                  }
                                }
                              }
                            },
                            "runAfter": {},
                            "expression": {
                              "not": {
                                "equals": [
                                  "@items('Apply_to_each_2')?['msauto_servicestatus']",
                                  "@outputs('Status_Formatted')"
                                ]
                              }
                            },
                            "metadata": {
                              "operationMetadataId": "91ffae87-d614-4d77-bf3d-23be2c39096f"
                            },
                            "type": "If"
                          }
                        },
                        "runAfter": {},
                        "metadata": {
                          "operationMetadataId": "d334cdd8-f29d-4f55-9a14-96249484f117"
                        },
                        "type": "Foreach"
                      }
                    }
                  },
                  "expression": {
                    "equals": [
                      "@empty(outputs('List_rows_-_Service')?['body/value'])",
                      "@true"
                    ]
                  },
                  "metadata": {
                    "operationMetadataId": "70179c61-9879-4760-aa4f-97e986be4c62"
                  },
                  "type": "If"
                },
                "Status_Formatted": {
                  "runAfter": {
                    "Status": [
                      "Succeeded"
                    ]
                  },
                  "metadata": {
                    "operationMetadataId": "cd3e6f6b-348a-4cb1-870b-e792dd480b53"
                  },
                  "type": "Compose",
                  "inputs": "@if(equals(outputs('Status'),'serviceOperational'),'Healthy',if(equals(outputs('Status'),'restoringService'),'Restoring Service','Service Degration'))"
                }
              },
              "runAfter": {
                "Parse_JSON_-_List_Health_Overviews": [
                  "Succeeded"
                ]
              },
              "metadata": {
                "operationMetadataId": "d4aab0a4-e873-4131-b074-70bb62c746c4"
              },
              "type": "Foreach",
              "runtimeConfiguration": {
                "concurrency": {
                  "repetitions": 30
                }
              }
            }
          },
          "runAfter": {
            "Initialize_variable_-_Success": [
              "Succeeded"
            ]
          },
          "metadata": {
            "operationMetadataId": "b2b06dbc-64cf-430c-a37d-69e0524be937"
          },
          "type": "Scope"
        },
        "Set_variable_-_Success": {
          "runAfter": {
            "Update_Service_Health": [
              "Succeeded"
            ]
          },
          "metadata": {
            "operationMetadataId": "e3b249f3-5a64-48aa-bccc-5c8ec149e9e2"
          },
          "type": "SetVariable",
          "inputs": {
            "name": "Success",
            "value": "@true"
          }
        }
      },
      "outputs": {}
    }
  },
  "schemaVersion": "1.0.0.0"
}