{
  "properties": {
    "connectionReferences": {},
    "definition": {
      "$schema": "https://schema.management.azure.com/providers/Microsoft.Logic/schemas/2016-06-01/workflowdefinition.json#",
      "contentVersion": "1.0.0.0",
      "parameters": {
        "$authentication": {
          "defaultValue": {},
          "type": "SecureObject"
        }
      },
      "triggers": {
        "manual": {
          "metadata": {
            "operationMetadataId": "2e0d8f74-8f47-4074-a867-381ab1b36c7b"
          },
          "type": "Request",
          "kind": "PowerApp",
          "inputs": {
            "schema": {
              "type": "object",
              "properties": {},
              "required": []
            }
          }
        }
      },
      "actions": {
        "Run_a_Child_Flow": {
          "runAfter": {},
          "metadata": {
            "operationMetadataId": "b37ff2f0-4883-42d8-a604-8c3f46079767"
          },
          "type": "Workflow",
          "inputs": {
            "host": {
              "workflowReferenceName": "a60f5812-d9fc-ec11-82e5-000d3a5cc390"
            }
          }
        },
        "Respond_to_a_PowerApp_or_flow": {
          "runAfter": {
            "Run_a_Child_Flow": [
              "Succeeded"
            ]
          },
          "metadata": {
            "operationMetadataId": "2bcc60bc-82b5-4a35-81a7-7128d500e8ee"
          },
          "type": "Response",
          "kind": "PowerApp",
          "inputs": {
            "statusCode": 200,
            "body": {},
            "schema": {
              "type": "object",
              "properties": {}
            }
          }
        }
      }
    }
  },
  "schemaVersion": "1.0.0.0"
}