{
  "properties": {
    "connectionReferences": {
      "shared_teams": {
        "runtimeSource": "invoker",
        "connection": {
          "connectionReferenceLogicalName": "msauto_M365ServiceHealthTeams"
        },
        "api": {
          "name": "shared_teams"
        }
      }
    },
    "definition": {
      "$schema": "https://schema.management.azure.com/providers/Microsoft.Logic/schemas/2016-06-01/workflowdefinition.json#",
      "contentVersion": "1.0.0.0",
      "parameters": {
        "$connections": {
          "defaultValue": {},
          "type": "Object"
        },
        "$authentication": {
          "defaultValue": {},
          "type": "SecureObject"
        }
      },
      "triggers": {
        "manual": {
          "metadata": {
            "operationMetadataId": "d09fd131-e43f-459c-9740-aed8535f5364"
          },
          "type": "Request",
          "kind": "PowerApp",
          "inputs": {
            "schema": {
              "type": "object",
              "properties": {
                "TeamID_Inputs": {
                  "type": "any",
                  "description": "Inputs",
                  "x-ms-powerflows-param-ispartial": false
                }
              },
              "required": [
                "TeamID_Inputs"
              ]
            }
          }
        }
      },
      "actions": {
        "TeamID": {
          "runAfter": {},
          "metadata": {
            "operationMetadataId": "f7e905fa-a1ac-47d5-8c08-278fb31f5516"
          },
          "type": "Compose",
          "inputs": "@triggerBody()['TeamID_Inputs']"
        },
        "List_channels": {
          "runAfter": {
            "TeamID": [
              "Succeeded"
            ]
          },
          "metadata": {
            "operationMetadataId": "beba1ca0-ea14-4cc7-807c-0b85cff26ee4"
          },
          "type": "OpenApiConnection",
          "inputs": {
            "host": {
              "connectionName": "shared_teams",
              "operationId": "GetChannelsForGroup",
              "apiId": "/providers/Microsoft.PowerApps/apis/shared_teams"
            },
            "parameters": {
              "groupId": "@outputs('TeamID')"
            },
            "authentication": {
              "type": "Raw",
              "value": "@json(decodeBase64(triggerOutputs().headers['X-MS-APIM-Tokens']))['$ConnectionKey']"
            }
          }
        },
        "Response": {
          "runAfter": {
            "List_channels": [
              "Succeeded"
            ]
          },
          "metadata": {
            "operationMetadataId": "3e7bb109-24e4-45e0-ac1d-c2a13bf7fe7b"
          },
          "type": "Response",
          "kind": "Http",
          "inputs": {
            "statusCode": 200,
            "body": "@outputs('List_channels')?['body/value']",
            "schema": {
              "type": "array",
              "items": {
                "type": "object",
                "properties": {
                  "id": {
                    "type": "string"
                  },
                  "createdDateTime": {
                    "type": "string"
                  },
                  "displayName": {
                    "type": "string"
                  },
                  "email": {
                    "type": "string"
                  },
                  "tenantId": {
                    "type": "string"
                  },
                  "webUrl": {
                    "type": "string"
                  },
                  "membershipType": {
                    "type": "string"
                  }
                },
                "required": [
                  "id",
                  "createdDateTime",
                  "displayName",
                  "email",
                  "tenantId",
                  "webUrl",
                  "membershipType"
                ]
              }
            }
          }
        }
      }
    }
  },
  "schemaVersion": "1.0.0.0"
}