{
  "properties": {
    "connectionReferences": {},
    "definition": {
      "$schema": "https://schema.management.azure.com/providers/Microsoft.Logic/schemas/2016-06-01/workflowdefinition.json#",
      "contentVersion": "1.0.0.0",
      "parameters": {
        "$authentication": {
          "defaultValue": {},
          "type": "SecureObject"
        },
        "App_M365ServiceHealth_ClientID (msauto_App_M365ServiceHealth_ClientID)": {
          "defaultValue": "cff1aa1f-7b3c-42e0-af60-08d30deb20d8",
          "type": "String",
          "metadata": {
            "schemaName": "msauto_App_M365ServiceHealth_ClientID"
          }
        },
        "App_M365ServiceHealth_ClientSecret (msauto_App_M365ServiceHealth_ClientSecret)": {
          "defaultValue": "h4i8Q~QHIIxTSAgGMq.vCUX2In7TOEfB5ASErctL",
          "type": "String",
          "metadata": {
            "schemaName": "msauto_App_M365ServiceHealth_ClientSecret"
          }
        },
        "App_M365ServiceHealth_TenantID (msauto_App_M365ServiceHealth_TenantID)": {
          "defaultValue": "62b71b94-5ddd-4bd1-b652-1a1f2a56868c",
          "type": "String",
          "metadata": {
            "schemaName": "msauto_App_M365ServiceHealth_TenantID"
          }
        }
      },
      "triggers": {
        "manual": {
          "metadata": {
            "operationMetadataId": "6adacf86-722f-445d-a8cd-d52db6d0bcb8"
          },
          "type": "Request",
          "kind": "PowerApp",
          "inputs": {
            "schema": {
              "type": "object",
              "properties": {
                "IssueID_Inputs": {
                  "type": "any",
                  "description": "Inputs",
                  "x-ms-powerflows-param-ispartial": false
                }
              },
              "required": [
                "IssueID_Inputs"
              ]
            }
          }
        }
      },
      "actions": {
        "IssueID": {
          "runAfter": {
            "Initialize_variable_-_Posts_Array": [
              "Succeeded"
            ]
          },
          "metadata": {
            "operationMetadataId": "6dfa91de-8855-4771-91f5-b00bb0885b9d"
          },
          "type": "Compose",
          "inputs": "@triggerBody()['IssueID_Inputs']"
        },
        "HTTP_-_Get_Issue_Posts": {
          "runAfter": {
            "IssueID": [
              "Succeeded"
            ]
          },
          "metadata": {
            "operationMetadataId": "db8634ee-723e-4e00-b349-932cc63fb346"
          },
          "type": "Http",
          "inputs": {
            "method": "GET",
            "uri": "https://graph.microsoft.com/v1.0/admin/serviceAnnouncement/issues/@{outputs('IssueID')}",
            "queries": {
              "$select": "posts"
            },
            "authentication": {
              "type": "ActiveDirectoryOAuth",
              "tenant": "@parameters('App_M365ServiceHealth_TenantID (msauto_App_M365ServiceHealth_TenantID)')",
              "audience": "https://graph.microsoft.com",
              "clientId": "@parameters('App_M365ServiceHealth_ClientID (msauto_App_M365ServiceHealth_ClientID)')",
              "secret": "@parameters('App_M365ServiceHealth_ClientSecret (msauto_App_M365ServiceHealth_ClientSecret)')"
            }
          }
        },
        "Response": {
          "runAfter": {
            "Apply_to_each": [
              "Succeeded"
            ]
          },
          "metadata": {
            "operationMetadataId": "ec2836d5-af68-4123-9cf4-c038521d48df"
          },
          "type": "Response",
          "kind": "Http",
          "inputs": {
            "statusCode": 200,
            "headers": {
              "content-type": "application/json"
            },
            "body": "@variables('Posts')",
            "schema": {
              "type": "array",
              "items": {
                "type": "object",
                "properties": {
                  "createdDateTime": {
                    "type": "string"
                  },
                  "content": {
                    "type": "string"
                  }
                },
                "required": [
                  "createdDateTime",
                  "content"
                ]
              }
            }
          }
        },
        "Posts": {
          "runAfter": {
            "HTTP_-_Get_Issue_Posts": [
              "Succeeded"
            ]
          },
          "metadata": {
            "operationMetadataId": "4a8bd731-2548-4a34-9381-a547bd0cf6e8"
          },
          "type": "Compose",
          "inputs": "@body('HTTP_-_Get_Issue_Posts')?['posts']"
        },
        "Parse_JSON": {
          "runAfter": {
            "Posts": [
              "Succeeded"
            ]
          },
          "metadata": {
            "operationMetadataId": "1fde50c8-6ed5-43a8-b2d1-ff9cc475084d"
          },
          "type": "ParseJson",
          "inputs": {
            "content": "@outputs('Posts')",
            "schema": {
              "type": "array",
              "items": {
                "type": "object",
                "properties": {
                  "createdDateTime": {
                    "type": "string"
                  },
                  "postType": {
                    "type": "string"
                  },
                  "description": {
                    "type": "object",
                    "properties": {
                      "contentType": {
                        "type": "string"
                      },
                      "content": {
                        "type": "string"
                      }
                    }
                  }
                },
                "required": [
                  "createdDateTime",
                  "postType",
                  "description"
                ]
              }
            }
          }
        },
        "Apply_to_each": {
          "foreach": "@body('Parse_JSON')",
          "actions": {
            "Add_HTML_Tag": {
              "runAfter": {
                "Content": [
                  "Succeeded"
                ]
              },
              "metadata": {
                "operationMetadataId": "f6654904-d159-4e20-a971-b64fe445ab98"
              },
              "type": "Compose",
              "inputs": "@replace(outputs('Content'),decodeUriComponent('%0A'),'<br>')"
            },
            "Create_Post_Element": {
              "runAfter": {
                "Add_HTML_Tag": [
                  "Succeeded"
                ]
              },
              "metadata": {
                "operationMetadataId": "6de04a05-fda7-43e0-a1f4-a1072ae9607d"
              },
              "type": "Compose",
              "inputs": {
                "createdDateTime": "@items('Apply_to_each')['createdDateTime']",
                "content": "<br>@{outputs('Add_HTML_Tag')}<br><br>"
              }
            },
            "Content": {
              "runAfter": {},
              "metadata": {
                "operationMetadataId": "80c41c40-2da0-4139-9661-1c5bf5901972"
              },
              "type": "Compose",
              "inputs": "@items('Apply_to_each')?['description']?['content']"
            },
            "Append_to_array_variable": {
              "runAfter": {
                "Create_Post_Element": [
                  "Succeeded"
                ]
              },
              "metadata": {
                "operationMetadataId": "c7ef9de5-720b-4f7f-baea-099af890c953"
              },
              "type": "AppendToArrayVariable",
              "inputs": {
                "name": "Posts",
                "value": "@outputs('Create_Post_Element')"
              }
            }
          },
          "runAfter": {
            "Parse_JSON": [
              "Succeeded"
            ]
          },
          "metadata": {
            "operationMetadataId": "d727098f-b3f8-447c-9cf8-912c90e21a9b"
          },
          "type": "Foreach",
          "runtimeConfiguration": {
            "concurrency": {
              "repetitions": 20
            }
          }
        },
        "Initialize_variable_-_Posts_Array": {
          "runAfter": {},
          "metadata": {
            "operationMetadataId": "d9fdcba9-edab-4bc7-802f-b118b9a0a94b"
          },
          "type": "InitializeVariable",
          "inputs": {
            "variables": [
              {
                "name": "Posts",
                "type": "array"
              }
            ]
          }
        }
      }
    }
  },
  "schemaVersion": "1.0.0.0"
}